{
  "project_info": {
    "project_number": "232523996884",
    "project_id": "opsctask2registerlogin",
    "storage_bucket": "opsctask2registerlogin.appspot.com"
  },
  "client": [
    {
      "client_info": {
        "mobilesdk_app_id": "1:232523996884:android:525f2bc968e4c6c4b66541",
        "android_client_info": {
          "package_name": "com.varsitycollege.task2opscloginandregister"
        }
      },
      "oauth_client": [
        {
          "client_id": "232523996884-lchvi0jamtjd3g64ueumfgf3ft0evpgg.apps.googleusercontent.com",
          "client_type": 3
        }
      ],
      "api_key": [
        {
          "current_key": "AIzaSyCEn05tHY1jCVcZSXDWtHXgCrpIdoKo0ZQ"
        }
      ],
      "services": {
        "appinvite_service": {
          "other_platform_oauth_client": [
            {
              "client_id": "232523996884-lchvi0jamtjd3g64ueumfgf3ft0evpgg.apps.googleusercontent.com",
              "client_type": 3
            }
          ]
        }
      }
    }
  ],
  "configuration_version": "1"
}