{
  "project_info": {
    "project_number": "4533822383",
    "project_id": "car-snap-67dbe",
    "storage_bucket": "car-snap-67dbe.appspot.com"
  },
  "client": [
    {
      "client_info": {
        "mobilesdk_app_id": "1:4533822383:android:fe7115eceecf4319b3c55a",
        "android_client_info": {
          "package_name": "com.example.opsc_poe"
        }
      },
      "oauth_client": [
        {
          "client_id": "4533822383-48jiiju9qchdr10k47qlouhea9rfihca.apps.googleusercontent.com",
          "client_type": 3
        }
      ],
      "api_key": [
        {
          "current_key": "AIzaSyDj3DYNhDuAuGvpE0G_BSlG25jgBAamNTg"
        }
      ],
      "services": {
        "appinvite_service": {
          "other_platform_oauth_client": [
            {
              "client_id": "4533822383-48jiiju9qchdr10k47qlouhea9rfihca.apps.googleusercontent.com",
              "client_type": 3
            }
          ]
        }
      }
    }
  ],
  "configuration_version": "1"
}