{
  "project_info": {
    "project_number": "1004049674950",
    "project_id": "opscpoetest",
    "storage_bucket": "opscpoetest.appspot.com"
  },
  "client": [
    {
      "client_info": {
        "mobilesdk_app_id": "1:1004049674950:android:343208ff30e8784b91ddc7",
        "android_client_info": {
          "package_name": "com.varsitycollege.opsctask2basic"
        }
      },
      "oauth_client": [
        {
          "client_id": "1004049674950-vigkkt2vb3crtk12cf3oeq2om75of407.apps.googleusercontent.com",
          "client_type": 3
        }
      ],
      "api_key": [
        {
          "current_key": "AIzaSyC9epOItndN5c2XSzjrCWReSyRuJQHx8C0"
        }
      ],
      "services": {
        "appinvite_service": {
          "other_platform_oauth_client": [
            {
              "client_id": "1004049674950-vigkkt2vb3crtk12cf3oeq2om75of407.apps.googleusercontent.com",
              "client_type": 3
            }
          ]
        }
      }
    }
  ],
  "configuration_version": "1"
}